1;0.00583096640128529;0.0120065377808981
2;0.00583096640128529;0.0120065377808981
3;0.00583096640128529;0.0120065377808981
4;0.00583096640128529;0.0120065377808981
5;0.00583096640128529;0.0120065377808981
6;0.00583096640128529;0.0120065377808981
7;0.00583096640128529;0.0120065377808981
8;0.00583096640128529;0.0120065377808981
9;0.00583096640128529;0.0120065377808981
10;0.00583096640128529;0.0120065377808981
11;0.00583096640128529;0.0120065377808981
12;0.00583096640128529;0.0120065377808981
13;0.00583096640128529;0.0120065377808981
14;0.00583096640128529;0.0120065377808981
15;0.00583096640128529;0.0120065377808981
16;0.00583096640128529;0.0120065377808981
17;0.00583096640128529;0.0120065377808981
18;0.00583096640128529;0.0120065377808981
19;0.00583096640128529;0.0120065377808981
20;0.00583096640128529;0.0120065377808981
21;0.00583096640128529;0.0120065377808981
22;0.00583096640128529;0.0120065377808981
23;0.00583096640128529;0.0120065377808981
24;0.00583096640128529;0.0120065377808981
25;0.00583096640128529;0.0120065377808981
26;0.00583096640128529;0.0120065377808981
27;0.00583096640128529;0.0120065377808981
28;0.00583096640128529;0.0120065377808981
29;0.00583096640128529;0.0120065377808981
30;0.00583096640128529;0.0120065377808981
31;0.00583096640128529;0.0120065377808981
32;0.00583096640128529;0.0120065377808981
33;0.00583096640128529;0.0120065377808981
34;0.00583096640128529;0.0120065377808981
35;0.00583096640128529;0.0120065377808981
36;0.00583096640128529;0.0120065377808981
37;0.00583096640128529;0.0120065377808981
38;0.00583096640128529;0.0120065377808981
39;0.00583096640128529;0.0120065377808981
40;0.00583096640128529;0.0120065377808981
41;0.00583096640128529;0.0120065377808981
42;0.00583096640128529;0.0120065377808981
43;0.00583096640128529;0.0120065377808981
44;0.00583096640128529;0.0120065377808981
45;0.00583096640128529;0.0120065377808981
46;0.00583096640128529;0.0120065377808981
47;0.00583096640128529;0.0120065377808981
48;0.00583096640128529;0.0120065377808981
49;0.00583096640128529;0.0120065377808981
50;0.00583096640128529;0.0120065377808981
51;0.00583096640128529;0.0120065377808981
52;0.00583096640128529;0.0120065377808981
53;0.00583096640128529;0.0120065377808981
54;0.00583096640128529;0.0120065377808981
55;0.00583096640128529;0.0120065377808981
56;0.00583096640128529;0.0120065377808981
57;0.00583096640128529;0.0120065377808981
58;0.00583096640128529;0.0120065377808981
59;0.00583096640128529;0.0120065377808981
60;0.00583096640128529;0.0120065377808981
61;0.00583096640128529;0.0120065377808981
62;0.00583096640128529;0.0120065377808981
63;0.00583096640128529;0.0120065377808981
64;0.00583096640128529;0.0120065377808981
65;0.00583096640128529;0.0120065377808981
66;0.00583096640128529;0.0120065377808981
67;0.00583096640128529;0.0120065377808981
68;0.00583096640128529;0.0120065377808981
69;0.00583096640128529;0.0120065377808981
70;0.00583096640128529;0.0120065377808981
71;0.00583096640128529;0.0120065377808981
72;0.00583096640128529;0.0120065377808981
73;0.00583096640128529;0.0120065377808981
74;0.00583096640128529;0.0120065377808981
75;0.00583096640128529;0.0120065377808981
76;0.00583096640128529;0.0120065377808981
77;0.00583096640128529;0.0120065377808981
78;0.00583096640128529;0.0120065377808981
79;0.00583096640128529;0.0120065377808981
80;0.00583096640128529;0.0120065377808981
81;0.00583096640128529;0.0120065377808981
82;0.00583096640128529;0.0120065377808981
83;0.00583096640128529;0.0120065377808981
84;0.00583096640128529;0.0120065377808981
85;0.00583096640128529;0.0120065377808981
86;0.00583096640128529;0.0120065377808981
87;0.00583096640128529;0.0120065377808981
88;0.00583096640128529;0.0120065377808981
89;0.00583096640128529;0.0120065377808981
90;0.00583096640128529;0.0120065377808981
91;0.00583096640128529;0.0120065377808981
92;0.00583096640128529;0.0120065377808981
93;0.00583096640128529;0.0120065377808981
94;0.00583096640128529;0.0120065377808981
95;0.00583096640128529;0.0120065377808981
96;0.00583096640128529;0.0120065377808981
97;0.00583096640128529;0.0120065377808981
98;0.00583096640128529;0.0120065377808981
99;0.00583096640128529;0.0120065377808981
100;0.00583096640128529;0.0120065377808981
101;0.00583096640128529;0.0120065377808981
102;0.00583096640128529;0.0120065377808981
103;0.00583096640128529;0.0120065377808981
104;0.00583096640128529;0.0120065377808981
105;0.00583096640128529;0.0120065377808981
106;0.00583096640128529;0.0120065377808981
107;0.00583096640128529;0.0120065377808981
108;0.00583096640128529;0.0120065377808981
109;0.00583096640128529;0.0120065377808981
110;0.00583096640128529;0.0120065377808981
111;0.00583096640128529;0.0120065377808981
112;0.00583096640128529;0.0120065377808981
113;0.00583096640128529;0.0120065377808981
114;0.00583096640128529;0.0120065377808981
115;0.00583096640128529;0.0120065377808981
116;0.00583096640128529;0.0120065377808981
117;0.00583096640128529;0.0120065377808981
118;0.00583096640128529;0.0120065377808981
119;0.00583096640128529;0.0120065377808981
120;0.00583096640128529;0.0120065377808981
121;0.00583096640128529;0.0120065377808981
122;0.00583096640128529;0.0120065377808981
123;0.00583096640128529;0.0120065377808981
124;0.00583096640128529;0.0120065377808981
125;0.00583096640128529;0.0120065377808981
126;0.00583096640128529;0.0120065377808981
127;0.00583096640128529;0.0120065377808981
128;0.00583096640128529;0.0120065377808981
129;0.00583096640128529;0.0120065377808981
130;0.00583096640128529;0.0120065377808981
131;0.00583096640128529;0.0120065377808981
132;0.00583096640128529;0.0120065377808981
133;0.00583096640128529;0.0120065377808981
134;0.00583096640128529;0.0120065377808981
135;0.00583096640128529;0.0120065377808981
136;0.00583096640128529;0.0120065377808981
137;0.00583096640128529;0.0120065377808981
138;0.00583096640128529;0.0120065377808981
139;0.00583096640128529;0.0120065377808981
140;0.00583096640128529;0.0120065377808981
141;0.00583096640128529;0.0120065377808981
142;0.00583096640128529;0.0120065377808981
143;0.00583096640128529;0.0120065377808981
144;0.00583096640128529;0.0120065377808981
145;0.00583096640128529;0.0120065377808981
146;0.00583096640128529;0.0120065377808981
147;0.00583096640128529;0.0120065377808981
148;0.00583096640128529;0.0120065377808981
149;0.00583096640128529;0.0120065377808981
150;0.00583096640128529;0.0120065377808981
151;0.00583096640128529;0.0120065377808981
152;0.00583096640128529;0.0120065377808981
153;0.00583096640128529;0.0120065377808981
154;0.00583096640128529;0.0120065377808981
155;0.00583096640128529;0.0120065377808981
156;0.00583096640128529;0.0120065377808981
157;0.00583096640128529;0.0120065377808981
158;0.00583096640128529;0.0120065377808981
159;0.00583096640128529;0.0120065377808981
160;0.00583096640128529;0.0120065377808981
161;0.00583096640128529;0.0120065377808981
162;0.00583096640128529;0.0120065377808981
163;0.00583096640128529;0.0120065377808981
164;0.00583096640128529;0.0120065377808981
165;0.00583096640128529;0.0120065377808981
166;0.00583096640128529;0.0120065377808981
167;0.00583096640128529;0.0120065377808981
168;0.00583096640128529;0.0120065377808981
169;0.00583096640128529;0.0120065377808981
170;0.00583096640128529;0.0120065377808981
171;0.00583096640128529;0.0120065377808981
172;0.00583096640128529;0.0120065377808981
173;0.00583096640128529;0.0120065377808981
174;0.00583096640128529;0.0120065377808981
175;0.00583096640128529;0.0120065377808981
176;0.00583096640128529;0.0120065377808981
177;0.00583096640128529;0.0120065377808981
178;0.00583096640128529;0.0120065377808981
179;0.00583096640128529;0.0120065377808981
180;0.00583096640128529;0.0120065377808981
181;0.00583096640128529;0.0120065377808981
182;0.00583096640128529;0.0120065377808981
183;0.00583096640128529;0.0120065377808981
184;0.00583096640128529;0.0120065377808981
185;0.00583096640128529;0.0120065377808981
186;0.00583096640128529;0.0120065377808981
187;0.00583096640128529;0.0120065377808981
188;0.00583096640128529;0.0120065377808981
189;0.00583096640128529;0.0120065377808981
190;0.00583096640128529;0.0120065377808981
191;0.00583096640128529;0.0120065377808981
192;0.00583096640128529;0.0120065377808981
193;0.00583096640128529;0.0120065377808981
194;0.00583096640128529;0.0120065377808981
195;0.00583096640128529;0.0120065377808981
196;0.00583096640128529;0.0120065377808981
197;0.00583096640128529;0.0120065377808981
198;0.00583096640128529;0.0120065377808981
199;0.00583096640128529;0.0120065377808981
200;0.00583096640128529;0.0120065377808981
201;0.00583096640128529;0.0120065377808981
202;0.00583096640128529;0.0120065377808981
203;0.00583096640128529;0.0120065377808981
204;0.00583096640128529;0.0120065377808981
205;0.00583096640128529;0.0120065377808981
206;0.00583096640128529;0.0120065377808981
207;0.00583096640128529;0.0120065377808981
208;0.00583096640128529;0.0120065377808981
209;0.00583096640128529;0.0120065377808981
210;0.00583096640128529;0.0120065377808981
211;0.00583096640128529;0.0120065377808981
212;0.00583096640128529;0.0120065377808981
213;0.00583096640128529;0.0120065377808981
214;0.00583096640128529;0.0120065377808981
215;0.00583096640128529;0.0120065377808981
216;0.00583096640128529;0.0120065377808981
217;0.00583096640128529;0.0120065377808981
218;0.00583096640128529;0.0120065377808981
219;0.00583096640128529;0.0120065377808981
220;0.00583096640128529;0.0120065377808981
221;0.00583096640128529;0.0120065377808981
222;0.00583096640128529;0.0120065377808981
223;0.00583096640128529;0.0120065377808981
224;0.00583096640128529;0.0120065377808981
225;0.00583096640128529;0.0120065377808981
226;0.00583096640128529;0.0120065377808981
227;0.00583096640128529;0.0120065377808981
228;0.00583096640128529;0.0120065377808981
229;0.00583096640128529;0.0120065377808981
230;0.00583096640128529;0.0120065377808981
231;0.00583096640128529;0.0120065377808981
232;0.00583096640128529;0.0120065377808981
233;0.00583096640128529;0.0120065377808981
234;0.00583096640128529;0.0120065377808981
235;0.00583096640128529;0.0120065377808981
236;0.00583096640128529;0.0120065377808981
237;0.00583096640128529;0.0120065377808981
238;0.00583096640128529;0.0120065377808981
239;0.00583096640128529;0.0120065377808981
240;0.00583096640128529;0.0120065377808981
241;0.00583096640128529;0.0120065377808981
242;0.00583096640128529;0.0120065377808981
243;0.00583096640128529;0.0120065377808981
244;0.00583096640128529;0.0120065377808981
245;0.00583096640128529;0.0120065377808981
246;0.00583096640128529;0.0120065377808981
247;0.00583096640128529;0.0120065377808981
248;0.00583096640128529;0.0120065377808981
249;0.00583096640128529;0.0120065377808981
250;0.00583096640128529;0.0120065377808981
251;0.00583096640128529;0.0120065377808981
252;0.00583096640128529;0.0120065377808981
253;0.00583096640128529;0.0120065377808981
254;0.00583096640128529;0.0120065377808981
255;0.00583096640128529;0.0120065377808981
256;0.00583096640128529;0.0120065377808981
257;0.00583096640128529;0.0120065377808981
258;0.00583096640128529;0.0120065377808981
259;0.00583096640128529;0.0120065377808981
260;0.00583096640128529;0.0120065377808981
261;0.00583096640128529;0.0120065377808981
262;0.00583096640128529;0.0120065377808981
263;0.00583096640128529;0.0120065377808981
264;0.00583096640128529;0.0120065377808981
265;0.00583096640128529;0.0120065377808981
266;0.00583096640128529;0.0120065377808981
267;0.00583096640128529;0.0120065377808981
268;0.00583096640128529;0.0120065377808981
269;0.00583096640128529;0.0120065377808981
270;0.00583096640128529;0.0120065377808981
271;0.00583096640128529;0.0120065377808981
272;0.00583096640128529;0.0120065377808981
273;0.00583096640128529;0.0120065377808981
274;0.00583096640128529;0.0120065377808981
275;0.00583096640128529;0.0120065377808981
276;0.00583096640128529;0.0120065377808981
277;0.00583096640128529;0.0120065377808981
278;0.00583096640128529;0.0120065377808981
279;0.00583096640128529;0.0120065377808981
280;0.00583096640128529;0.0120065377808981
281;0.00583096640128529;0.0120065377808981
282;0.00583096640128529;0.0120065377808981
283;0.00583096640128529;0.0120065377808981
284;0.00583096640128529;0.0120065377808981
285;0.00583096640128529;0.0120065377808981
286;0.00583096640128529;0.0120065377808981
287;0.00583096640128529;0.0120065377808981
288;0.00583096640128529;0.0120065377808981
289;0.00583096640128529;0.0120065377808981
290;0.00583096640128529;0.0120065377808981
291;0.00583096640128529;0.0120065377808981
292;0.00583096640128529;0.0120065377808981
293;0.00583096640128529;0.0120065377808981
294;0.00583096640128529;0.0120065377808981
295;0.00583096640128529;0.0120065377808981
296;0.00583096640128529;0.0120065377808981
297;0.00583096640128529;0.0120065377808981
298;0.00583096640128529;0.0120065377808981
299;0.00583096640128529;0.0120065377808981
300;0.00583096640128529;0.0120065377808981
301;0.00583096640128529;0.0120065377808981
302;0.00583096640128529;0.0120065377808981
303;0.00583096640128529;0.0120065377808981
304;0.00583096640128529;0.0120065377808981
305;0.00583096640128529;0.0120065377808981
306;0.00583096640128529;0.0120065377808981
307;0.00583096640128529;0.0120065377808981
308;0.00583096640128529;0.0120065377808981
309;0.00583096640128529;0.0120065377808981
310;0.00583096640128529;0.0120065377808981
311;0.00583096640128529;0.0120065377808981
312;0.00583096640128529;0.0120065377808981
313;0.00583096640128529;0.0120065377808981
314;0.00583096640128529;0.0120065377808981
315;0.00583096640128529;0.0120065377808981
316;0.00583096640128529;0.0120065377808981
317;0.00583096640128529;0.0120065377808981
318;0.00583096640128529;0.0120065377808981
319;0.00583096640128529;0.0120065377808981
320;0.00583096640128529;0.0120065377808981
321;0.00583096640128529;0.0120065377808981
322;0.00583096640128529;0.0120065377808981
323;0.00583096640128529;0.0120065377808981
324;0.00583096640128529;0.0120065377808981
325;0.00583096640128529;0.0120065377808981
326;0.00583096640128529;0.0120065377808981
327;0.00583096640128529;0.0120065377808981
328;0.00583096640128529;0.0120065377808981
329;0.00583096640128529;0.0120065377808981
330;0.00583096640128529;0.0120065377808981
331;0.00583096640128529;0.0120065377808981
332;0.00583096640128529;0.0120065377808981
333;0.00583096640128529;0.0120065377808981
334;0.00583096640128529;0.0120065377808981
335;0.00583096640128529;0.0120065377808981
336;0.00583096640128529;0.0120065377808981
337;0.00583096640128529;0.0120065377808981
338;0.00583096640128529;0.0120065377808981
339;0.00583096640128529;0.0120065377808981
340;0.00583096640128529;0.0120065377808981
341;0.00583096640128529;0.0120065377808981
342;0.00583096640128529;0.0120065377808981
343;0.00583096640128529;0.0120065377808981
344;0.00583096640128529;0.0120065377808981
345;0.00583096640128529;0.0120065377808981
346;0.00583096640128529;0.0120065377808981
347;0.00583096640128529;0.0120065377808981
348;0.00583096640128529;0.0120065377808981
349;0.00583096640128529;0.0120065377808981
350;0.00583096640128529;0.0120065377808981
351;0.00583096640128529;0.0120065377808981
352;0.00583096640128529;0.0120065377808981
353;0.00583096640128529;0.0120065377808981
354;0.00583096640128529;0.0120065377808981
355;0.00583096640128529;0.0120065377808981
356;0.00583096640128529;0.0120065377808981
357;0.00583096640128529;0.0120065377808981
358;0.00583096640128529;0.0120065377808981
359;0.00583096640128529;0.0120065377808981
360;0.00583096640128529;0.0120065377808981
361;0.00583096640128529;0.0120065377808981
362;0.00583096640128529;0.0120065377808981
363;0.00583096640128529;0.0120065377808981
364;0.00583096640128529;0.0120065377808981
365;0.00583096640128529;0.0120065377808981
366;0.00583096640128529;0.0120065377808981
367;0.00583096640128529;0.0120065377808981
368;0.00583096640128529;0.0120065377808981
369;0.00583096640128529;0.0120065377808981
370;0.00583096640128529;0.0120065377808981
371;0.00583096640128529;0.0120065377808981
372;0.00583096640128529;0.0120065377808981
373;0.00583096640128529;0.0120065377808981
374;0.00583096640128529;0.0120065377808981
375;0.00583096640128529;0.0120065377808981
376;0.00583096640128529;0.0120065377808981
377;0.00583096640128529;0.0120065377808981
378;0.00583096640128529;0.0120065377808981
379;0.00583096640128529;0.0120065377808981
380;0.00583096640128529;0.0120065377808981
381;0.00583096640128529;0.0120065377808981
382;0.00583096640128529;0.0120065377808981
383;0.00583096640128529;0.0120065377808981
384;0.00583096640128529;0.0120065377808981
385;0.00583096640128529;0.0120065377808981
386;0.00583096640128529;0.0120065377808981
387;0.00583096640128529;0.0120065377808981
388;0.00583096640128529;0.0120065377808981
389;0.00583096640128529;0.0120065377808981
390;0.00583096640128529;0.0120065377808981
391;0.00583096640128529;0.0120065377808981
392;0.00583096640128529;0.0120065377808981
393;0.00583096640128529;0.0120065377808981
394;0.00583096640128529;0.0120065377808981
395;0.00583096640128529;0.0120065377808981
396;0.00583096640128529;0.0120065377808981
397;0.00583096640128529;0.0120065377808981
398;0.00583096640128529;0.0120065377808981
399;0.00583096640128529;0.0120065377808981
400;0.00583096640128529;0.0120065377808981
401;0.00583096640128529;0.0120065377808981
402;0.00583096640128529;0.0120065377808981
403;0.00583096640128529;0.0120065377808981
404;0.00583096640128529;0.0120065377808981
405;0.00583096640128529;0.0120065377808981
406;0.00583096640128529;0.0120065377808981
407;0.00583096640128529;0.0120065377808981
408;0.00583096640128529;0.0120065377808981
409;0.00583096640128529;0.0120065377808981
410;0.00583096640128529;0.0120065377808981
411;0.00583096640128529;0.0120065377808981
412;0.00583096640128529;0.0120065377808981
413;0.00583096640128529;0.0120065377808981
414;0.00583096640128529;0.0120065377808981
415;0.00583096640128529;0.0120065377808981
416;0.00583096640128529;0.0120065377808981
417;0.00583096640128529;0.0120065377808981
418;0.00583096640128529;0.0120065377808981
419;0.00583096640128529;0.0120065377808981
420;0.00583096640128529;0.0120065377808981
421;0.00583096640128529;0.0120065377808981
422;0.00583096640128529;0.0120065377808981
423;0.00583096640128529;0.0120065377808981
424;0.00583096640128529;0.0120065377808981
425;0.00583096640128529;0.0120065377808981
426;0.00583096640128529;0.0120065377808981
427;0.00583096640128529;0.0120065377808981
428;0.00583096640128529;0.0120065377808981
429;0.00583096640128529;0.0120065377808981
430;0.00583096640128529;0.0120065377808981
431;0.00583096640128529;0.0120065377808981
432;0.00583096640128529;0.0120065377808981
433;0.00583096640128529;0.0120065377808981
434;0.00583096640128529;0.0120065377808981
435;0.00583096640128529;0.0120065377808981
436;0.00583096640128529;0.0120065377808981
437;0.00583096640128529;0.0120065377808981
438;0.00583096640128529;0.0120065377808981
439;0.00583096640128529;0.0120065377808981
440;0.00583096640128529;0.0120065377808981
441;0.00583096640128529;0.0120065377808981
442;0.00583096640128529;0.0120065377808981
443;0.00583096640128529;0.0120065377808981
444;0.00583096640128529;0.0120065377808981
445;0.00583096640128529;0.0120065377808981
446;0.00583096640128529;0.0120065377808981
447;0.00583096640128529;0.0120065377808981
448;0.00583096640128529;0.0120065377808981
449;0.00583096640128529;0.0120065377808981
450;0.00583096640128529;0.0120065377808981
451;0.00583096640128529;0.0120065377808981
452;0.00583096640128529;0.0120065377808981
453;0.00583096640128529;0.0120065377808981
454;0.00583096640128529;0.0120065377808981
455;0.00583096640128529;0.0120065377808981
456;0.00583096640128529;0.0120065377808981
457;0.00583096640128529;0.0120065377808981
458;0.00583096640128529;0.0120065377808981
459;0.00583096640128529;0.0120065377808981
460;0.00583096640128529;0.0120065377808981
461;0.00583096640128529;0.0120065377808981
462;0.00583096640128529;0.0120065377808981
463;0.00583096640128529;0.0120065377808981
464;0.00583096640128529;0.0120065377808981
465;0.00583096640128529;0.0120065377808981
466;0.00583077592545414;0.0120062273804082
467;0.00583055930809207;0.0120058761546202
468;0.00583034266792298;0.0120055267813858
469;0.00583009605103757;0.0120051372658058
470;0.00582982387345957;0.0120047139155299
471;0.00582955165987362;0.0120042925520208
472;0.00582895779489124;0.0120029162011446
473;0.00582813596666838;0.0120008730428906
474;0.00582724488092315;0.0119987409511892
475;0.00582626346354011;0.0119964294848115
476;0.00582525812858658;0.0119940364086672
477;0.00582436668279234;0.0119914976001565
478;0.00582390688964740;0.0119881397536831
479;0.00582374578640740;0.0119846349343610
480;0.00582367290491651;0.0119810591820424
481;0.00582446082850397;0.0119768616886374
482;0.00582557993631594;0.0119724743305724
483;0.00582664626095441;0.0119678591357903
484;0.00582758713864945;0.0119634090969575
485;0.00582828213047262;0.0119591195809954
486;0.00582870740349375;0.0119545175666760
487;0.00582903925985156;0.0119488520641308
488;0.00582961943687781;0.0119427308623717
489;0.00583018186674684;0.0119366627149658
490;0.00583111591330182;0.0119300085651623
491;0.00583130208401944;0.0119228798864864
492;0.00583083878408440;0.0119156107923818
493;0.00583094263424775;0.0119081290512025
494;0.00583050338609734;0.0119005113030836
495;0.00582955168444663;0.0118924670332915
496;0.00583012729448419;0.0118830986321784
497;0.00583158334390353;0.0118732165443282
498;0.00583424384805901;0.0118617258649576
499;0.00583765018921152;0.0118502210939796
500;0.00584104015961183;0.0118397892093691
501;0.00584746503893090;0.0118184837073068
502;0.00585392427054032;0.0117981030330152
503;0.00586041425062125;0.0117785062037444
504;0.00586694344332364;0.0117597554623561
505;0.00587346150929552;0.0117418800423550
506;0.00587995559173842;0.0117246585751709
507;0.00588647058136501;0.0117082375508157
508;0.00589303162592079;0.0116927584669973
509;0.00589959240089382;0.0116781831947462
510;0.00590613618669400;0.0116645055455313
511;0.00591262000156832;0.0116517430626516
512;0.00591882282810565;0.0116400171775757
513;0.00592502124837273;0.0116292274155687
514;0.00593121175430128;0.0116193829465780
515;0.00593727558878978;0.0116105045112851
516;0.00594326519808608;0.0116025883558145
517;0.00594921029975747;0.0115955554088906
518;0.00595507629087312;0.0115895060869954
519;0.00596081515786421;0.0115843778460438
520;0.00596650035285741;0.0115802447557007
521;0.00597204165916822;0.0115770522267831
522;0.00597744270686882;0.0115748078002876
523;0.00598276391753451;0.0115735627153604
524;0.00598748291959566;0.0115732943772039
525;0.00599127371822781;0.0115740821661020
526;0.00599492171328217;0.0115762024513185
527;0.00599853813798455;0.0115793876980883
528;0.00600210370576254;0.0115836225733292
529;0.00600555072926227;0.0115888821251918
530;0.00600895795168299;0.0115951822396737
531;0.00601232728318452;0.0116026071272171
532;0.00601565755541143;0.0116111028073409
533;0.00601892034911473;0.0116206828520831
534;0.00602235589427432;0.0116314715515949
535;0.00602593706021474;0.0116434043898805
536;0.00602963381022077;0.0116564487591119
537;0.00603333678448594;0.0116703878283572
538;0.00603715745514208;0.0116852280604649
539;0.00604113248768295;0.0117010708772585
540;0.00604505205830616;0.0117179970494185
541;0.00604894418708974;0.0117360206669214
542;0.00605290692966854;0.0117551786354184
543;0.00605704587890606;0.0117755575247356
544;0.00606132280517547;0.0117971200525985
545;0.00606586017598178;0.0118196906913833
546;0.00607039715190029;0.0118432792119480
547;0.00607493879583062;0.0118679038355844
548;0.00607945929409544;0.0118936120732741
549;0.00608411946391579;0.0119205491781829
550;0.00608882303231831;0.0119486021055882
551;0.00609356096377850;0.0119776984458083
552;0.00609833896720530;0.0120078451617070
553;0.00610320216739478;0.0120390911323955
554;0.00610807419592083;0.0120715563558479
555;0.00611300104132581;0.0121057710550342
556;0.00611791368290244;0.0121410354405803
557;0.00612271784539261;0.0121776071547225
558;0.00612745494078987;0.0122153851572164
559;0.00613215538332967;0.0122541814437972
560;0.00613683468033910;0.0122940027678505
561;0.00614148494377595;0.0123348737329628
562;0.00614605384436652;0.0123768277794915
563;0.00615063562927302;0.0124198130295740
564;0.00615523269065492;0.0124638266514481
565;0.00615990767138139;0.0125091581160416
566;0.00616457282602416;0.0125555621056913
567;0.00616909845440439;0.0126030887733740
568;0.00617330493301784;0.0126518912503186
569;0.00617738360901616;0.0127017856082260
570;0.00618135942454782;0.0127526676040281
571;0.00618525823038152;0.0128045302898861
572;0.00618915462518954;0.0128574415006292
573;0.00619292774589998;0.0129118008396824
574;0.00619669122814898;0.0129698937874769
575;0.00620046963761451;0.0130290208090965
576;0.00620421863150129;0.0130891890310398
577;0.00620782683803567;0.0131506088356057
578;0.00621141329430135;0.0132130099393083
579;0.00621496920037473;0.0132763772332423
580;0.00621852433480185;0.0133407116222311
581;0.00622207784953053;0.0134060105553139
582;0.00622560872310802;0.0134722743804783
583;0.00622907498928414;0.0135394963787542
584;0.00623249063715700;0.0136076427065788
585;0.00623568505319617;0.0136799617670697
586;0.00623890854169994;0.0137545180035566
587;0.00624217944803661;0.0138301364539224
588;0.00624543740113575;0.0139067480791667
589;0.00624824901915836;0.0139857856134911
590;0.00625010799241850;0.0140689160822421
591;0.00625195011175225;0.0141530364662873
592;0.00625377904217713;0.0142381334127813
593;0.00625559649495290;0.0143241961055256
594;0.00625739315474519;0.0144112104269644
595;0.00625907719970896;0.0144990370017390
596;0.00626085199983829;0.0145885351931030
597;0.00626271450315160;0.0146790262515936
598;0.00626470286031268;0.0147707926197056
599;0.00626669934627336;0.0148634962075350
600;0.00626866769245057;0.0149571218173242
601;0.00627089034275976;0.0150516732849454
602;0.00627350217697961;0.0151472416057593
603;0.00627606335398175;0.0152437872584073
604;0.00627861073201692;0.0153412206062917
605;0.00628111812913928;0.0154396148913328
606;0.00628360886317206;0.0155388805207193
607;0.00628617784185373;0.0156391946661445
608;0.00628872950177130;0.0157403689537312
609;0.00629121646618526;0.0158424056660896
610;0.00629389335860838;0.0159454446127708
611;0.00629662016495466;0.0160508844936498
612;0.00629894463363676;0.0161642313758657
613;0.00630128584958878;0.0162788689612916
614;0.00630361970347905;0.0163946335971738
615;0.00630592926904150;0.0165114473821800
616;0.00630814107953109;0.0166294270829450
617;0.00631034195522735;0.0167484185705929
618;0.00631253013168880;0.0168684179570535
619;0.00631472076131142;0.0169894431188591
620;0.00631689158363066;0.0171115556908765
621;0.00631927114747951;0.0172351320898810
622;0.00632159529094236;0.0173596943227666
623;0.00632388344434366;0.0174852409583171
624;0.00632615388483179;0.0176117584905197
625;0.00632854257776996;0.0177395807722546
626;0.00633112815162616;0.0178695844064176
627;0.00633367242882575;0.0180006941426127
628;0.00633620835707739;0.0181327796263609
629;0.00633869566109670;0.0182659513315298
630;0.00634116521545344;0.0184000853064515
631;0.00634363369651477;0.0185351833339954
632;0.00634614292285723;0.0186712601466119
633;0.00634864151374555;0.0188082856255535
634;0.00635113121875253;0.0189462588347570
635;0.00635342667284650;0.0190856590306889
636;0.00635580063867914;0.0192261063308459
637;0.00635810034408619;0.0193675332345474
638;0.00636037288859124;0.0195099427821596
639;0.00636261437688289;0.0196533225174068
640;0.00636483586420717;0.0197976382164532
641;0.00636703065339127;0.0199428961956734
642;0.00636921082869032;0.0200890772765983
643;0.00637147555844519;0.0202362505149794
644;0.00637380479017679;0.0203843995946849
645;0.00637612031751714;0.0205334660408405
646;0.00637842280156254;0.0206834487128666
647;0.00638073173059843;0.0208343692441381
648;0.00638303843921320;0.0209862228212863
649;0.00638532639664134;0.0211389894504229
650;0.00638759232205405;0.0212926648869875
651;0.00638997999443125;0.0214473474053203
652;0.00639243860909594;0.0216030017246717
653;0.00639500360083826;0.0217596904392035
654;0.00639755565160516;0.0219172856004556
655;0.00640009474650912;0.0220757870894932
656;0.00640262087061514;0.0222351949861464
657;0.00640513400894068;0.0223955095681716
658;0.00640763414645533;0.0225567313104835
659;0.00641012126808068;0.0227188608844575
660;0.00641259535869018;0.0228818991573063
661;0.00641505955385175;0.0230458486741614
662;0.00641753548582812;0.0232107208048228
663;0.00642003698372637;0.0233765176099970
664;0.00642277141218834;0.0235434903827280
665;0.00642547902836581;0.0237113987770554
666;0.00642817485010243;0.0238802267660056
667;0.00643085823968947;0.0240499775159748
668;0.00643352848833704;0.0242206544937888
669;0.00643618631992059;0.0243922582387552
670;0.00643883211082615;0.0245647915389202
671;0.00644146603652517;0.0247382573733128
672;0.00644408808447013;0.0249126589127698
673;0.00644664862304384;0.0250882917038787
674;0.00644915603498561;0.0252649812938659
675;0.00645165402391548;0.0254426207820140
676;0.00645416606058469;0.0256212259476762
677;0.00645683164469406;0.0258008940854162
678;0.00645948639477224;0.0259815928011899
679;0.00645999533052771;0.0261405163363133
680;0.00645987347832441;0.0262977435979539
681;0.00645974609124365;0.0264560168820109
682;0.00645979106102921;0.0266153515481851
683;0.00645981336941512;0.0267756171354370
684;0.00645977253666116;0.0269368221045121
685;0.00645975450167118;0.0270989994523054
686;0.00646004156021932;0.0272614667342354
687;0.00646089284234139;0.0274217042775569
688;0.00646172521016284;0.0275828234797582
689;0.00646263361637233;0.0277448686131680
690;0.00646310033434870;0.0279072327068757
691;0.00646174599185796;0.0280683921853003
692;0.00645927719742405;0.0282442014168417
693;0.00645648578471325;0.0284277664157856
694;0.00645364282569277;0.0286134487399980
695;0.00645072948882115;0.0288013037994887
696;0.00644884819086112;0.0289832451882280
697;0.00644765692153720;0.0291632961942308
698;0.00644642552572159;0.0293449328766655
699;0.00644509490594797;0.0295281646932662
700;0.00644362443099980;0.0297130073845402
701;0.00644213881093675;0.0298995170723125
702;0.00644195588045631;0.0300813406093751
703;0.00644181534349069;0.0302647415503852
704;0.00644133092834922;0.0304503927022384
705;0.00644035110718526;0.0306370721893387
706;0.00643799673419142;0.0308234434257486
707;0.00643560105592406;0.0310114507567870
708;0.00643331486914235;0.0312011333286422
709;0.00643123832139649;0.0313925185531402
710;0.00642872233973927;0.0315864973913212
711;0.00642652273747220;0.0317834980563174
712;0.00642433090089626;0.0319824246410346
713;0.00642210177053647;0.0321832723433528
714;0.00641878881912375;0.0323848932249656
715;0.00641440278034874;0.0325873898043037
716;0.00640857393729165;0.0327866298529702
717;0.00640172196506865;0.0329733972491601
718;0.00639826673989002;0.0331428464297141
719;0.00639491973305572;0.0333139162245463
720;0.00639168750909340;0.0334866820273321
721;0.00638851383698113;0.0336608742400156
722;0.00638539138178441;0.0338365052878771
723;0.00638235785330714;0.0340135700392077
724;0.00638065915174255;0.0341886576231030
725;0.00637947351775899;0.0343629193307987
726;0.00637834843878944;0.0345385804955187
727;0.00637727065145240;0.0347156319570516
728;0.00637639299741543;0.0348941045004465
729;0.00637574807830629;0.0350740451694533
730;0.00637501474293934;0.0352553910248433
731;0.00637409469809888;0.0354382429907369
732;0.00637421188875360;0.0356074258687326
733;0.00637708944805860;0.0357325719558569
734;0.00637983164993175;0.0358582461351589
735;0.00638216449297076;0.0359842406167174
736;0.00638448613584225;0.0361108414842057
737;0.00638683834204607;0.0362380733429553
738;0.00638920905350541;0.0363659273615091
739;0.00639151496878033;0.0364943747480680
740;0.00639379123213007;0.0366234061524092
741;0.00639603442522353;0.0367530568425005
742;0.00639781869266008;0.0368834853298023
743;0.00639973385815900;0.0370145942623929
744;0.00640166781699583;0.0371461451243111
745;0.00640367339592552;0.0372774223092394
746;0.00640555045445111;0.0374093245058537
747;0.00640720761158176;0.0375418355944829
748;0.00640858295501523;0.0376745230806959
749;0.00641007073426387;0.0378076090080543
750;0.00641186756743256;0.0379402455490829
751;0.00641335550196940;0.0380745007576885
752;0.00641529914846605;0.0382080570636885
753;0.00641725468505392;0.0383422165438100
754;0.00641919226056620;0.0384772244589946
755;0.00642015488068885;0.0386097379067036
756;0.00642059667987975;0.0387408914235725
757;0.00642107928306435;0.0388727266487072
758;0.00642128844660234;0.0390046732875980
759;0.00642127498302040;0.0391366943002726
760;0.00642124141665199;0.0392697270573477
761;0.00642089115903204;0.0394037972841128
762;0.00642052468413966;0.0395385506814656
763;0.00642014195000922;0.0396739901720020
764;0.00641981109572510;0.0398099337833359
765;0.00642020179197685;0.0399447710912501
766;0.00642150490889387;0.0400687526193467
767;0.00642267072533133;0.0401878785868251
768;0.00642325898141361;0.0403061880351269
769;0.00642297291606185;0.0404230260591133
770;0.00642231900189081;0.0405403588114857
771;0.00642165028469643;0.0406582257605179
772;0.00642096673679120;0.0407766280308373
773;0.00642031380649806;0.0408959426306046
774;0.00641953248209319;0.0410158270246246
775;0.00641794436238529;0.0411358090553884
776;0.00641411072496288;0.0412663246305783
777;0.00640975258157399;0.0414024015023917
778;0.00640561352093434;0.0415386323788984
779;0.00640230001235666;0.0416727476919178
780;0.00639932972750812;0.0418021256874587
781;0.00639627360521284;0.0419324734063775
782;0.00639189027417539;0.0420615457454491
783;0.00638793753826332;0.0421904972892244
784;0.00638398005830345;0.0423215388926793
785;0.00638048232877941;0.0424510255460793
786;0.00637712842458349;0.0425779026683555
787;0.00637399988979712;0.0427052410565387
788;0.00637126640013099;0.0428335893640774
789;0.00636859321525073;0.0429626319213427
790;0.00636520324734616;0.0430927311560462
791;0.00636073804479373;0.0432226235906596
792;0.00635578130047879;0.0433529848760713
793;0.00635114084271951;0.0434799495123321
794;0.00634751331650550;0.0436022101928203
795;0.00634469897675338;0.0437224497154940
796;0.00634239489944896;0.0438424935953835
797;0.00634067558170878;0.0439615547234497
798;0.00633898795282340;0.0440807837656160
799;0.00633583598223942;0.0441986344941525
800;0.00633317866110765;0.0443121028625221
801;0.00633177695677556;0.0444165585525608
802;0.00633084931692974;0.0445195510271133
803;0.00632986483815356;0.0446218967411822
804;0.00632884432506994;0.0447247268280773
805;0.00632871893461412;0.0448243730205214
806;0.00632898288709469;0.0449227866671969
807;0.00632927132498294;0.0450216451425990
808;0.00632948254742099;0.0451211545158393
809;0.00632958511034711;0.0452209700803528
810;0.00632933623271622;0.0453208599227293
811;0.00633032791123940;0.0454150511453252
812;0.00633184369091274;0.0455073710967131
813;0.00633344097011937;0.0455997980459450
814;0.00633561522396595;0.0456909394118048
815;0.00633833911794886;0.0457808092442858
816;0.00634096250720717;0.0458702100242835
817;0.00634356191047411;0.0459598733196310
818;0.00634579503224360;0.0460493101998991
819;0.00634777432495899;0.0461386420696176
820;0.00634970159508130;0.0462282654643548
821;0.00635114947916542;0.0463196321112682
822;0.00635307368130217;0.0464097546464511
823;0.00635484528697331;0.0465007348097359
824;0.00635672310467494;0.0465915707492992
825;0.00635817409302222;0.0466831518361638
826;0.00635769672921619;0.0467758153934168
827;0.00635668017196104;0.0468690349957679
828;0.00635516779994638;0.0469633594054225
829;0.00635362688761749;0.0470580655889611
830;0.00635198606750798;0.0471531558214895
831;0.00634993226753498;0.0472485567574773
832;0.00634785124175065;0.0473443563953460
833;0.00634377140485501;0.0474401225240291
834;0.00633997109396466;0.0475358979638874
835;0.00633670019718074;0.0476325300707435
836;0.00633340608991474;0.0477294538093255
837;0.00633012719795320;0.0478267985028613
838;0.00632637981717792;0.0479246982158753
839;0.00632290131441278;0.0480225368793577
840;0.00631875104409761;0.0481202097162657
841;0.00631453198693259;0.0482155915158132
842;0.00631015328786755;0.0483113438868770
843;0.00630567774498785;0.0484075077227061
844;0.00630242542284927;0.0484992612956000
845;0.00630123045141454;0.0485852888748918
846;0.00630001928206318;0.0486714722779466
847;0.00629872166370670;0.0487579462682007
848;0.00629763912860238;0.0488431383336284
849;0.00629641714739925;0.0489290291528625
850;0.00629507087362453;0.0490153771809363
851;0.00629064796052452;0.0491098169215258
852;0.00628105821020613;0.0492103217412280
853;0.00627273188368033;0.0493085662430396
854;0.00626445198233648;0.0494080199471774
855;0.00625758468268008;0.0495059940591896
856;0.00625164248450427;0.0496033049228531
857;0.00624295219062581;0.0497026081475151
858;0.00623152011626596;0.0498032470302672
859;0.00622198219505438;0.0499009263026078
860;0.00621153640812144;0.0500000881551430
861;0.00620040889610243;0.0501008265158508
862;0.00619003690215396;0.0502005544729532
863;0.00618244429993151;0.0502969875853619
864;0.00617929696630672;0.0503859573917309
865;0.00617778196835842;0.0504709914837397
866;0.00617570151205414;0.0505558054978856
867;0.00617374961412844;0.0506393363296241
868;0.00617339004485013;0.0507191752485381
869;0.00617305703299770;0.0507989358880341
870;0.00617355981706486;0.0508746348260159
871;0.00617566733085480;0.0509478058774932
872;0.00617788403813358;0.0510204058506639
873;0.00617970843004934;0.0510916986210134
874;0.00618165377015897;0.0511629140520108
875;0.00618388625834584;0.0512339675925228
876;0.00618798507646686;0.0512989348508751
877;0.00619287732410146;0.0513608694181691
878;0.00619668940197444;0.0514213007446627
879;0.00620069142982258;0.0514806971030191
880;0.00620477922734511;0.0515402019281173
881;0.00620936226041338;0.0515992744872587
882;0.00621407507692600;0.0516563243151643
883;0.00621884027649782;0.0517130294249549
884;0.00622274429621455;0.0517676415434988
885;0.00622640469559054;0.0518216921877399
886;0.00623030542930631;0.0518755479605980
887;0.00623427515201323;0.0519294960656742
888;0.00623783899154698;0.0519833542458406
889;0.00624116627956012;0.0520372605862252
890;0.00624450962499007;0.0520913163429576
891;0.00624785414871283;0.0521455128880380
892;0.00625163955927800;0.0521990650010843
893;0.00625584252295832;0.0522520511336382
894;0.00625974830668144;0.0523051751710471
895;0.00626359379130152;0.0523581525626252
896;0.00626768707009181;0.0524108597078042
897;0.00627186180759494;0.0524635955404676
898;0.00627597702365131;0.0525164490604327
899;0.00627991684042205;0.0525694402259172
900;0.00628379282479857;0.0526225346362491
901;0.00628760662225270;0.0526757390150769
902;0.00629140233687035;0.0527290790724938
903;0.00629566151691487;0.0527820003584610
904;0.00630034528555383;0.0528345414827823
905;0.00630489089321013;0.0528866450353878
906;0.00630957468739883;0.0529384188766999
907;0.00631345955972692;0.0529896998024293
908;0.00631711254480819;0.0530409257255501
909;0.00632071911249574;0.0530921465552190
910;0.00632397705588450;0.0531434998254009
911;0.00632697006743738;0.0531949363828320
912;0.00632979986419513;0.0532464031201290
913;0.00633242202164225;0.0532979387595863
914;0.00633532849709081;0.0533490860982946
915;0.00633860437078031;0.0533987814293561
916;0.00634155749938808;0.0534486100281681
917;0.00634466938541236;0.0534984332031678
918;0.00634779528143827;0.0535477858314927
919;0.00635082842554670;0.0535970697520769
920;0.00635397100058852;0.0536463683579991
921;0.00635663618551023;0.0536953083635514
922;0.00635928858033391;0.0537443550278212
923;0.00636222403568400;0.0537929528614216
924;0.00636491340047898;0.0538403689142944
925;0.00636713971727275;0.0538873607008752
926;0.00636923023707257;0.0539343046815870
927;0.00637126712860170;0.0539813510836572
928;0.00637317924918324;0.0540284828836148
929;0.00637430813707850;0.0540750320610339
930;0.00637557033061605;0.0541216250668490
931;0.00637674868890476;0.0541682968733415
932;0.00637780051745921;0.0542150506879904
933;0.00637884163584442;0.0542619162964077
934;0.00637983678970632;0.0543089222983359
935;0.00638084792248435;0.0543560195667811
936;0.00638225617100000;0.0544022565607570
937;0.00638396019585446;0.0544478533871799
938;0.00638581104933354;0.0544934063537775
939;0.00638742292757937;0.0545386885115046
940;0.00638860866722601;0.0545833809323442
941;0.00638950649570883;0.0546269015555179
942;0.00639010721742274;0.0546699504706017
943;0.00639057039253765;0.0547122945051691
944;0.00639104246080697;0.0547547274230007
945;0.00639171057547321;0.0547966551559306
946;0.00639257891035641;0.0548379076477097
947;0.00639370223681581;0.0548790222230987
948;0.00639493051493334;0.0549197594950426
949;0.00639609994463523;0.0549603306932077
950;0.00639752373992283;0.0550005944351311
951;0.00639897851563036;0.0550408879195958
952;0.00640054510664388;0.0550811356531696
953;0.00640325765050510;0.0551192764655047
954;0.00640617976266536;0.0551570711283042
955;0.00640891233860971;0.0551949096246729
956;0.00641163378683296;0.0552328260693459
957;0.00641426388769857;0.0552708945021926
958;0.00641639821436360;0.0553086429468320
959;0.00641845360409412;0.0553464455614738
960;0.00642050383150255;0.0553843257866485
961;0.00642230496155147;0.0554220313855290
962;0.00642403708105976;0.0554597796813527
963;0.00642614862793995;0.0554968028880097
964;0.00642841439218499;0.0555334064229201
965;0.00643066848694606;0.0555700859810304
966;0.00643310853261207;0.0556067188337070
967;0.00643571135185676;0.0556433040393679
968;0.00643786381154198;0.0556795883765039
969;0.00643980149098707;0.0557159008687885
970;0.00644130567044214;0.0557517628487225
971;0.00644261545552608;0.0557875480831374
972;0.00644344734200812;0.0558224573253417
973;0.00644442106369010;0.0558572321422887
974;0.00644538957918923;0.0558920788254691
975;0.00644642843296500;0.0559271057278660
976;0.00644761295289792;0.0559624220211425
977;0.00644879285109244;0.0559978126153190
978;0.00645083001716894;0.0560294003010806
979;0.00645313509773788;0.0560574239271889
980;0.00645656385323182;0.0560822695960117
981;0.00645969926547623;0.0561066886772455
982;0.00646282758284914;0.0561311439522342
983;0.00646597413935844;0.0561556376316386
984;0.00646884859271979;0.0561794895253895
985;0.00647135782351946;0.0562028885420156
986;0.00647401092596570;0.0562261210052284
987;0.00647692842462873;0.0562489311352492
988;0.00647961075526649;0.0562712870975519
989;0.00648206878265588;0.0562928803541717
990;0.00648458724253628;0.0563144606238304
991;0.00648726282109214;0.0563360215402941
992;0.00649010723885385;0.0563573167434850
993;0.00649280328511592;0.0563783974434009
994;0.00649516950765124;0.0563991005525641
995;0.00649727688132143;0.0564190248346273
996;0.00649899255530585;0.0564378925018554
997;0.00650150043401113;0.0564541450977303
998;0.00650422925723215;0.0564695974564859
999;0.00650700509828658;0.0564851727724125
1000;0.00650956185451865;0.0565000809324008
